;Type;;;;;;;Activities;;;;;;Themes;;;Geographical focus;;;;;;;;;;;;;Contact;;;;;;
Name of the Organization;NGO;GO;Private Consultancy;Private Contractor;Private Financing;Private Supplier;Knowledge Institutes;Capacity building;Funding;Implementing;Lobbying;Networking;R & E;Water;Agriculture;Finance;Head Office;Africa;Asia;Europe; Middle East;North America;Central America;South America;Australia;Caribbean;Pacific;Global;Countries;Web Address;ISO2 Head Office;;;;;
3R consortium;x;;;;;;;x;;;;x;;x;x;;Netherlands;;;;;;;;;;;x;;http://www.bebuffered.com/;NL;;;;;
AATF ;x;;;;;;;x;;;;x;;x;x;;Kenya;x;;;;;;;;;;;;http://www.aatf-africa.org/about_aatf/overview/en/;KE;;;;;
Acacia Water ;;;x;;;;;;;;;;;x;;;Netherlands;;;;;;;;;;;x;;http://acaciawater.com/site/;NL;;;;;
Accion;x;;;;;;;;;;;;;;;x;USA;x;x;;;x;x;x;;;;;31 countries;http://www.accion.org/;US;;;;;
ACO Technologies - Rain-Ceptor;;;;;;x;;;;;;;;x;;;UK;;;;;;;;;;;;;http://www.aco.co.uk/product_detail.php?id=74;GB;;;;;
Action for Food Production (AFPRO);x;;;;;;;x;;x;;;;x;x;;India;;x;;;;;;;;;;India;http://www.afpro.org/;IN;;;;;
Africa Foundation;x;;;;;;;;;x;;;;x;;;UK;x;;;;;;;;;;;;http://africafoundation.org/projects/healthcare-and-clean-water;GB;;;;;
African Civil Society Network on Water and Sanitation (ANEW), The ;x;;;;;;;x;;;;x;;x;;;Kenya;x;;;;;;;;;;;African regions;http://www.anewafrica.org/;KE;;;;;
African Microfinance Network (AFMIN) ;;;;;x;;;;;;;;;;;;Benin;x;;;;;;;;;;;;http://www.afminetwork.org/;BJ;;;;;
African Sanitation Knowledge Network, The ;x;;;;;;;;;;;x;;x;;;Mozambique;x;;;;;;;;;;;;http://www.asknet-office.net/;MZ;;;;;
African Water Information System ;x;;;;;;;;;;;x;x;x;;;;x;;;;;;;;;;;;http://www.iowater.org/iowater/our-projects-news-and-update/article/african-water-information-system?lang=en;;;;;;
Agua Solutions;;;x;;;;;;;;;;;x;;;;;;;;;;;;;;x;;http://aguasolutions.com/;;;;;;
AGUATUYA;x;;;;;;;;;x;;;;x;;;Bolivia;;;;;;;x;;;;;Bolivia;http://aguatuya.org/?lang=en;BO;;;;;
Akvo;x;;x;;;;;;;;;x;;x;x;;The Netherlands;x;x;x;x;x;x;x;x;x;x;x;global;http://www.akvo.org/;NL;;;;;
AMCOW;x;;;;;;;x;;;;x;;x;;x;Nigeria;x;;;;;;;;;;;;http://www.amcow-online.org/index.php?lang=en;NG;;;;;
American Rain Water catchment system Association ;x;;;;;;;x;;;;x;;x;;;;;;;;x;;;;;;;North America;http://www.arcsa.org/index.asp;;;;;;
American water works association;x;;;;;;;x;;;;x;x;x;;;US;;;;;x;;;;;;;US;http://www.awwa.org/Resources/index.cfm?navItemNumber=1416;GB;;;;;
Amizade;x;;;;;;;;;;;;;x;;;USA;;;;;;;;;;;x;Tanzania, Mexico, Brazil, etc… 12 countries;http://amizade.org/;US;;;;;
Amsha Africa Foundation - Rainwater H2OG;;;;;;x;;;;;;;;x;;;Kenya;;;;;;;;;;;;Kenya, Zambia, USA;http://www.amshaafrica.org/projects-and-clients/projects-pipeline/rain-water-harvesting.html;KE;;;;;
Aqua fed international;x;;;;;;;x;;;;x;;x;;;Brussels & Paris;;;;;;;;;;;x;;http://www.aquafed.org/   http://www.aquafed.org/geography.html;FR;;;;;
Aqua for all;x;;;;;;;;;;;x;;x;;;Netherlands;x;x;;;;;x;;;;;;http://www.aquaforall.nl/;NL;;;;;
Aqua-Aero WaterSystems;;;;;;x;;;;;;;;x;;;The Netherlands;;;;;;;;;;;;subtropical and tropical regions;http://www.aaws.nl/index.php/products/rain-water-harvesting;NL;;;;;
AquaSanTec - Crestanks Limited;;;;;;x;;;;;;;;x;;;Uganda;;;;;;;;;;;;Kenya, Rwanda, Burundi, Uganda, South Sudan and Ethiopia;http://www.kentainers.com/;UG;;;;;
Association of Arab Office for Youth and the Environment;x;;;;;;;;;;;x;;x;;;Egypt;;;;x;;;;;;;;Egypt,;http://www.aoye.org/profile.htm;EG;;;;;
Ashish Plast;;;;;;x;;;;;;;;x;;;India;;x;;;;;;;;;;India;http://www.ashishabsdoors.com/plastic-storage-tanks.html;IN;;;;;
Asia Pacific Association of Agricultural Research Institutions (APAARI);x;;;;;;;;;;;x;;x;x;;Thailand;;x;;;;;;x;;x;;;http://www.apaari.org/;TH;;;;;
Assemblies of God Relief and Development Services (AGREDS), The;x;;;;;;;;;;;;;x;;x;Ghana;x;;;;;;;;;;;Ghana;http://www.agreds.org/index.php?ui=home#;GH;;;;;
Association for Strengthening Agricultural Research in Eastern and Central Africa (ASARECA);x;x;;;;;;x;;;;;;x;x;;Uganda;x;;;;;;;;;;;Uganda, Kenya, Tanzania, Ethiopia;http://www.asareca.org/;UG;;;;;
Association of Microfinance Institutions of Kenya;x;;;;;;;;x;;;;;;;x;Kenya;x;;;;;;;;;;;53 member institutions in Kenya;http://www.amfikenya.com/index.php;KE;;;;;
AVRDC the world vegetation centre;;;;;;;;;;;;;x;;x;;Taiwan;;;;;;;;;;;x;;http://www.unesco.org/;TW;;;;;
BACKLUND;;;x;;;;;;;;;;;x;;;Denmark;;;;;;;;;;;x;;http://www.backlund.dk/advice.htm;DK;;;;;
Bangladesh Association for Social Advancement (BASA);x;;;;;;;x;;;;x;;x;x;x;Bangladesh;;x;;;;;;;;;;Bangladesh;http://www.basango.org/;BD;;;;;
BIOFORSK;;;;;;;;;;;;;x;;x;;Norway;;;;;;;;;;;x;;http://avrdc.org;NO;;;;;
BioSandFilter.org;x;;;;;;;;;;;;;x;;;UK;;;;;;;;;;;x;;http://www.biosandfilter.org/biosandfilter/;GB;;;;;
Blantyre Water Board;;x;;;;;;;;;;;;;;;Malawi;x;;;;;;;;;;;Malawi;http://www.bwb.mw/;MW;;;;;
Botswana Technology Centre (BOTEC);;x;;;;;;;;;;;;;;;Botswana;x;;;;;;;;;;;Botswana;http://www.botec.bw/;BW;;;;;
Busoga Trust;x;;;;;;;;;x;;;x;x;;;UK;x;;;;;;;;;;;Uganda;http://www.busogatrust.co.uk/;GB;;;;;
Cap-Net;x;;;;;;;x;;;;x;;x;;;South Africa;;;;;;;;;;;x;;http://www.cap-net.org/;ZA;;;;;
CAWST;x;;;;;;;x;;x;;;;x;;;Canada;;;;;;;;;;;;;www.cawst.org;CA;;;;;
Centre for Environment and Development for the Arab region and Europe (CEDARE);x;x;;;;;;x;;;;x;;x;x;;Caro Egypt;;;x;x;;;;;;;;;http://www3.cedare.int/;EG;;;;;
Centre for Science and Environment;x;;;;;;x;x;;;x;;x;x;;;India;;x;;;;;;;;;;India;http://www.cseindia.org/;IN;;;;;
"Centre for Science & Technology of the Non-Aligned and Other Developing Countries (NAM S&T Centre)";x;;;;;;x;;;;;;x;;x;;India;;x;;;;;;;;;x;;http://www.namstct.org/;IN;;;;;
Charity water;x;;;;;;;x;;x;;;;x;;;New York;x;x;;;;x;x;;;;;;http://www.charitywater.org/;US;;;;;
Christian Children's Fund of Canada;x;;;;;;;;;;;;;x;;x;Canada;x;x;;;;x;x;;;;;Burkina Faso, Ethiopia, Ghana, India, Nicaragua, Paraguay and Tanzania;http://www.ccfcanada.ca/;CA;;;;;
Christian Engineers in Development;x;;;;;;;;;;;;;x;;;UK;x;;;x;;;;;;;;Rwanda, Tanzania, Uganda, Pakistan, Zanzibar, etc…;http://www.ced.org.uk/;GB;;;;;
Cidecall;x;;;;;;;;;;;;;x;;;Mexico;;;;;x;;;;;;;Mexico;http://www.colpos.mx/ircsa/cidecall/;MX;;;;;
City Government of Addis Ababa Water and Sewerage Authority;;x;;;;;;;;;;;;;;;Ethiopia ;x;;;;;;;;;;;Ethiopia;http://www.addisababacity.gov.et/index.php/en/economic-sector/water-and-sewerage-dev-and-management-authority;ET;;;;;
CITY Research Center;x;;;;;;;;;;;;x;x;;;Ecuador;;;;;;;x;;;;;;http://www.ciudad.org.ec/home;EC;;;;;
ClearWater Initiative;x;;;;;;;;;x;;;;;x;;;x;;;;;;;;;;;Uganda;http://clearwaterinitiative.org/;;;;;;
Climate Action Network (CAN);x;;;;;;;;;;;x;;x;x;;Lebanon;;;;;;;;;;;x;;http://www.climatenetwork.org/;LB;;;;;
Climate Network Africa (CNA );x;;;;;;;;;;;x;;x;x;;Kenya;x;;;;;;;;;;;;http://www.cnaf.or.ke/;KE;;;;;
Comprehensive Africa Agriculture Development Programme (CAADP);x;;;;;;;x;;;;x;;x;x;;South Africa;x;;;;;;;;;;;;http://www.nepad-caadp.net/;ZA;;;;;
Concern Worldwide;x;;;;;;;x;;x;;;;x;x;;Ireland, UK, US;x;x;;;;x;;;;;;;http://www.concern.net/;IE;;;;;
Conserve Africa;x;;;;;;;x;;;;x;;x;x;;London;x;;;;;;;;;;;;http://www.conserveafrica.org.uk/;GB;;;;;
Contech - Urban Green Rainwater Harvesting;;;;;;x;;;;;;;;x;;;USA;;;;;;;;;;;;Australia, Canada, China, Costa Rica, Mexico, Panama, USA;http://www.conteches.com/Products/Stormwater-Management/Rainwater-Harvesting.aspx;US;;;;;
Department Ministry of Minerals and Water Resources;;x;;;;;;;;;;;;x;;;Somalia;x;;;;;;;;;;;Somalia;;SO;;;;;
Directorate of National Water Resources;;x;;;;;;;;;;;;x;;;Somaliland;x;;;;;;;;;;;Somaliland;http://dwateresources-sl.com/;SO;;;;;
Eastern Africa Environmental Network (EAEN );x;;;;;;;x;;;;x;;x;;;Kenya;x;;;;;;;;;;;Burundi, Djibouti, Eritrea, Ethiopia, Kenya, Rwanda, Somalia, Sudan, Tanzania and Uganda;http://aros.trustafrica.org/index.php/Eastern_Africa_Environmental_Network_(EAEN);KE;;;;;
Eastern and Southern Africa Partnership Programme (ESAPP);x;;;;;;;x;;x;;;;x;x;;;x;;;;;;;;;;; Eritrea, Ethiopia, Kenya, Tanzania, Mozambique and Madagascar;http://www.esapp.info/;;;;;;
ECLOF;x;;;;;;;;;;;;;;;x;Kenya;x;x;;;x;;x;;;;;20 countries;http://www.eclof.org/;KE;;;;;
Eco Company, The ;;;;x;;x;;;;;;;;x;;;South Africa;x;;;;;;;;;;;South Africa;http://www.ecocompany.co.za/index.html;ZA;;;;;
Ekotank;;;;;;x;;;;;;;;x;;;Turkey;;;;;;;;;;;;more than 20;http://www.ekotank.net/index.html;TR;;;;;
Eloy Water;;;;;;x;;;;;;;;x;;;Belgium;;;;;;;;;;;;29 countries;http://www.eloy.be/water/en/pourquoi-eloy-water.php;BE;;;;;
End Water Poverty;x;;;;;;;;;x;;;;x;;;;;;;;;;;;;;x;global;http://www.endwaterpoverty.org/;;;;;;
Energy and Water Utilities Regulatory Authority (EWURA), The;;x;;;;;;;;;;;;x;;;Tanzania;x;;;;;;;;;;;Tanzania;http://www.ewura.go.tz/newsite/;TZ;;;;;
ENGINEERS & ARCHITECTS SOLIDARITY Association (IAS) ;x;;;;;;;;;;;;;x;;;Switzerland;x;;;;;;x;;x;;;"Haiti, Ecuador, Peru, Benin, Burkina Faso, Honduras, Mali, Senegal, Togo";http://www.ias-ch.org/siteias/index.php;CH;;;;;
Enterprise Environment and Equity in the Virunga Landscape of the Great Lakes;x;;;;;;;;;;;;;x;;;Kigali, Rwanda;x;;;;;;;;;;;Rwanda;http://www.virunga.net/;RW;;;;;
EPA: Watershed Academy Web;;x;;;;;x;;;;;;;x;;;US;;;;;;;;;;;x;;http://cfpub.epa.gov/watertrain/index.cfm;US;;;;;
;;;;;;;;;;;;;;;;;;;;;;;;;;;;;;;;;;;;
European Rain Water Catchment Systems Association;x;;;;;;;;;;;x;;x;;;Germany;;;x;;;;;;;;;;http://www.rainwaterconference.org/;DE;;;;;
Evenproducts Limited;;;;;;x;;;;;;;;x;;;UK;;;;;;;;;;;;;http://evenproducts.co.uk/;GB;;;;;
EWSA;;x;;;;;;;;;;;;x;;;Rwanda;x;;;;;;;;;;;Rwanda;http://www.ewsa.rw/overview.html;RW;;;;;
Excellent Development;x;;;;;;;x;;x;;;;x;x;;UK;x;;;;;;;;;;;Kenya, Zimbabwe, Uganda;http://www.excellentdevelopment.com/home/home;GB;;;;;
FBR;x;;;;;;;;;;;x;;x;;;Germany;;;x;;;;;;;;;;http://www.fbr.de/home.html;DE;;;;;
FINCA;x;;;;;;;;;;;;;;;x;USA;x;x;x;x;x;;x;;;;;Democratic Republic of Congo, Malawi, Tanzania, Uganda and Zambia. Ecuador, El Salvador, Guatemala, Haiti, Honduras, Mexico and Nicaragua. Armenia, Azerbaijan, Georgia, Kosovo, Kyrgyzstan, Russia, and Tajikistan. Afghanistan, Jordan.;http://www.finca.org/site/c.6fIGIXMFJnJ0H/b.6088193/k.BE5D/Home.htm#.UTk5PNF8Jck;US;;;;;
Flexible Rain Barrels;;;;;;x;;;;;;;;x;;;Canada;;;;;;;;;;;;;http://tufftechbags.com/;CA;;;;;
Fondation Ensemble, The;x;;;;;;;;;;;;;x;x;x;France;;;;;;;;;;;;;http://www.fondationensemble.org/indexa.php;FR;;;;;
Food and Agricultural Organization of the United Nations;;x;;;;;;x;;x;;;;;x;;Italy;;;;;;;;;;;x;130 countries;http://www.fao.org/index_en.htm;IT;;;;;
Fresh Water Action Network;x;;;;;;;x;;;;x;;x;;;;;;;;;;;;;;x;;http://www.freshwateraction.net/;;;;;;
Friends of the Earth Middle East (FoEME);x;;;;;;;x;;x;;;;;;;Amman, Betlhem, Tel Aviv;;;;x;;;;;;;;Israel, Palestine, Jordan;http://foeme.org/;IL;;;;;
Future water ;;;x;;;;;;;;;;;x;;;Netherlands;;;;;;;;;;;x;;http://www.futurewater.nl/uk/projects/;NL;;;;;
GEMStat;x;;;;;;;;;;;x;x;x;x;;Kenya;;;;;;;;;;;;;http://www.gemstat.org/;KE;;;;;
Gender and Water Alliance;x;;;;;;;x;;;;x;;x;x;;Netherlands;x;x;;;;;;;;x;;;http://www.genderandwater.org/page/121;NL;;;;;
 Global Forum on Agricultural Research (GFAR);x;;;;;;;;;;;;;x;x;;Italy;;;;;;;;;;;x;;http://www.egfar.org/;IT;;;;;
Global Rainwater Harvesting Collective ;x;;;;;;;;;;;x;;x;;;India;x;x;;;;;;;;;;India;http://199.189.253.101/$sitepreview/globalrainwaterharvesting.org/;IN;;;;;
Global Water Partnership (GWP);x;;;;;;;x;;;;x;;x;x;;Stockholm Sweden;;;;;;;;;;;x;;http://www.gwp.org/;SE;;;;;
Global Water System Project;x;;;;;;;x;;;;x;;x;;;;;;;;;;;;;;x;;http://www.gwsp.org/;;;;;;
Grameen Foundation ;x;;;;;;;;;;;;;;;x;USA;x;x;;x;x;;x;;;;;36 countries;http://www.grameenfoundation.org/;US;;;;;
Greater Horn of Africa Rainwater Partnership;x;;;;;;;x;;;;x;;x;;;Nairobi Kenya;x;;;;;;;;;;;Ethiopia, Kenya, Uganda, Tanzania, Somalia;http://www.gharainwater.org/;KE;;;;;
Grundfos RMQ;;;;;;x;;;;;;;;x;;;Denmark;;;;;;;;;;;;more than 100;http://net.grundfos.com/doc/webnet/rmq/frames_flash.htm;DK;;;;;
HAKI ZA WANAWAKE NA WATOTO MUSOMA (HAWAWAMU);x;;;;;;;;;;;;;x;;;Mara, Tanzania;x;;;;;;;;;;;Tanzania;http://www.tnnc.go.tz/ngodetails.php?applicationid=404;TZ;;;;;
Harvest H2O;x;;;;;;;;;;;x;;x;x;;;;;;;;;;;;;x;;http://www.harvesth2o.com/;;;;;;
Healing Waters International;x;;;;;;;x;;x;;;;;;;;;;;;;;x;;;;;;http://www.healingwaters.org;;;;;;
HI-TEC PLUMBING;;;;x;;;;;;x;;;;x;;;South Africa;x;;;;;;;;;;;South Africa;http://hitecplumbing.co.za/;ZA;;;;;
HMT - Innovative Tank Solutions;;;;;;x;;;;;;;;;;;USA;;;;;;;;;;;;global offices;http://www.hmttank.com/;US;;;;;
Horn of Africa Regional Environment Centre and Network (HoA-REC/N);x;;;;;;;x;;;;x;;x;x;;Ethiopia;x;;;;;;;;;;;Djibouti, Eritrea, Ethiopia, Kenya, Somalia, South Sudan, Sudan;http://www.hoarec.org/;ET;;;;;
House of water and environment ;x;;;;;;;x;;;;x;;x;x;;Palestine;;;;x;;;;;;;;;http://www.hwe.org.ps/;PS;;;;;
HTSPE: International Programme Management;;;x;;;;;;;;;;;x;x;;UK;;;;;;;;;;;;Asia, Africa, Central & South America, Europe;http://www.htspe.com/home.htm;GB;;;;;
ICRAF;x;;;;;;;;;;;x;;;;;;;;;;;;;;;;;;http://www.ciesin.org/IC/icraf/ICRAF.html;;;;;;
IMAWESA;x;;;;;;;x;;;;x;;x;x;;Nairobi;x;;;;;;;;;;;except Somalia;http://imawesa.info/;KE;;;;;
Indian Water Works Association (IWWA);x;;;;;;;;;;;x;;x;;;India;;x;;;;;;;;;;India;http://www.iwwa.info/index.php;IN;;;;;
International Association of Hydrogeologists (IAH);x;;;;;;;;;;;;x;x;;;UK;;;;;;;;;;;x;;http://www.iah.org/;GB;;;;;
International Center for Agricultural Research in the Dry Areas (ICARDA);x;;;;;;;x;;;;;x;x;x;;Syrian Arab Republic;;;;x;;;;;;;;;http://www.icarda.cgiar.org/Facelift.htm;SY;;;;;
Institute of Water and Sanitation Development;;;;;;;x;x;;;;;x;x;;;Zimbabwe;;;;;;;;;;;x;;http://www.iwsd.co.zw/;ZW;;;;;
Inter Water Organizations ;x;;;;;;;x;;;;x;;x;;;Netherlands;;;;;;;;;;;x;;http://www.irc.nl/page/126;NL;;;;;
Intergovernmental Authority on Development (IGAD);;x;;;;;;;;;;x;;x;;;Republic of Djibouti;x;;;;;;;;;;;Djibouti, Ethiopia, Kenya, Somalia, Sudan, Uganda, and Eritrea;http://igad.int/;DJ;;;;;
International Centre for Water Management ;;;x;;;;;;;;;;;x;;;Switzerland;;;;;;;;;;;x;;http://www.cewas.org/index.php/home/home/;CH;;;;;
International Commission on Irrigation and Drainage (ICID);x;;;;;;;x;;;;x;;x;;;India;;;;;;;;;;;x;;http://www.icid.org/;IN;;;;;
International Development Association (IDA);x;x;;;;;;;;;;;;x;x;;USA;x;x;x;x;;x;x;;x;x;x;more than 100 offices globally;http://www.worldbank.org/ida/index.html;US;;;;;
International Office for Water (IOW);x;;;;;;;x;;;;x;;x;;;France;;;;;;;;;;;x;;http://www.oieau.fr;FR;;;;;
International Rain Water Catchment System Association ;x;;;;;;;x;;;;x;;x;;;;x;x;x;;x;;x;;;;;;http://www.eng.warwick.ac.uk/ircsa/;;;;;;
International Rainwater Harvesting Alliance;x;;;;;;;x;;;;x;;x;;; Geneva;;;;;;;;;;;x;;http://www.irha-h2o.org/;CH;;;;;
International Relief & Development;x;;;;;;;;;;;;;x;;;USA;x;x;;;x;;x;;;;;Zimbabwe, Ethiopia, more…;http://www.ird.org/blog/ird-hosts-regional-rainwater-harvesting-workshop;US;;;;;
International Water and Sanitation Centre (IRC);x;;;;;;;x;;;;x;;x;;;Netherlands;x;x;;;;;x;;;;;;http://www.irc.nl/;NL;;;;;
International Water Association;x;;;;;;;;;;;x;;x;;;UK;;;;;;;;;;;x;;http://www.iwahq.org/1nb/home.html;GB;;;;;
International Water Management Institute  (IWMI);;;;;;;x;x;;;;;x;x;;;Sri Lanka;x;x;;;;;;;;;x;;http://www.iwmi.cgiar.org/;LK;;;;;
International Water Resources Association (IWRA);x;;;;;;;x;;;;x;;x;;;France;;;;;;;;;;;x;;http://www.iwra.org/;FR;;;;;
INTEWA;;;;;;x;;;;;;;;x;;;Germany;;;;;;;;;;;;Egypt, Baltic states, Belgium, Brazil, Denamrk, France, French Polynesia, UK, India, Ireland, Luxemburg, Mexico, Netherlands, Austria, Singapore, Slovenia and Croatia,  South Africa, Switzerland, United Arab Emirates;http://www.intewa.de/1/home/;DE;;;;;
ISRIC - World Soil Information;x;;;;;;;x;;;;x;;;;x;Netherlands;;;;;;;;;;;x;Kenya, Morocco;http://www.isric.org/;NL;;;;;
Jal Swaraj;x;;;;;;;;;x;;;;x;x;;India;;x;;;;;;;;;;India;http://www.rainwaterharvesting.org/jalswaraj2.htm;IN;;;;;
Japan water forum ;x;;;;;;;x;;;;x;;x;;;;;;;;;;;;;x;;global;http://www.waterforum.jp;;;;;;
Joint Effort to Save the Environment (JESE);x;;;;;;;;;;;;;x;x;;Uganda;x;;;;;;;;;;;;http://www.jese.org;UG;;;;;
JoJo Tanks;;;;;;x;;;;;;;;x;;;South Africa;;;;;;;;;;;;;http://www.rainharvest.co.za/;ZA;;;;;
Kabissa;x;;;;;;;;;;;x;x;x;x;;;;;;;;;;;;;;;http://www.kabissa.org/about;;;;;;
Kenya Agricultural Research Institute (KARI);x;;;;;;;;;;;;x;;x;;Kenya;x;;;;;;;;;;;;http://cenafrica.net/kari/;KE;;;;;
Kenya Rainwater Harvesting Association;x;;;;;;;;;;;x;;x;;;Nairobi Kenya;x;;;;;;;;;;;Kenya;http://www.gharainwater.org/kra_about.html;KE;;;;;
Kenya Women Finance Trust Limited (KWFT);x;;;;;;;;;;;;;;;x;Kenya;x;;;;;;;;;;;Kenya;http://www.kwft.org/index.php;KE;;;;;
LABARONNE - CITAF;;;;;;x;;;;;;;;x;;;France;;;;;;;;;;;;;http://www.labaronne-citaf.com/;FR;;;;;
Lanka Rain Water harvesting forum;x;;;;;;;x;;;;x;;x;;;Sri Lanka;;x;;;;;;;;;;Sri Lanka;http://www.lankarainwater.org/index.htm;LK;;;;;
Life and the Environment ;x;;;;;;;;;;;x;;;;;Israel;;;;x;;;;;;;;Israel;http://www.sviva.net/eng/Info.php?docId=new_homepage;IL;;;;;
Lifewater ;x;;;;;;;;;x;;;;;x;;US;x;x;;;;;x;;;;;;http://www.lifewater.org;US;;;;;
Lilongwe Water Board;;x;;;;;;;;;;;;;;;Malawi;x;;;;;;;;;;;Malawi;http://www.lwb.mw/;MW;;;;;
Maji na Ufanisi (Water and Development) ;x;;;;;;;x;;x;;;;x;;;Nairobi;x;;;;;;;;;;;Kenya;http://www.majinaufanisi.com/;KE;;;;;
MAVUNO;x;;;;;;;;;;;;;x;;;Kagera, Tanzania;x;;;;;;;;;;;Tanzania;http://www.mavunoproject.org/index.html;TZ;;;;;
Metameta;;;x;;;;;;;;;;;x;;;Netherlands;;;;;;;;;;;x;;http://www.metameta.nl/;NL;;;;;
Micro Water Facility;x;;x;;;;;;;;;;;x;;x;Netherlands;x;x;;;;;;;;;;;http://www.microwaterfacility.org/;NL;;;;;
Ministry of Agriculture;;x;;;;;;;;;;;;;;;Botswana;x;;;;;;;;;;;Botswana;http://www.moa.gov.bw/;BW;;;;;
Ministry of Energy and Water Development, The;;x;;;;;;;;;;;;x;;;Zambia;x;;;;;;;;;;;Zambia;http://www.mewd.gov.zm/index.php;ZM;;;;;
Ministry of Infrastructure;;x;;;;;;;;;;;;x;;;Rwanda;x;;;;;;;;;;;Rwanda;http://www.mininfra.gov.rw/index.php?id=27;RW;;;;;
Ministry of Irrigation and Water Development (MoIWD), The ;;x;;;;;;;;;;;;;;;Malawi;x;;;;;;;;;;;Malawi;http://waterswap.org/;MW;;;;;
Ministry of Land Water and Environment;;x;;;;;;;;;;;;x;;;Eritrea;x;;;;;;;;;;;Eritrea;http://ecss-online.com/tag/water/;ER;;;;;
Ministry of Local Government, Land and Housing (MLGLH);;x;;;;;;;;;;;;;;;Botswana;x;;;;;;;;;;;Botswana;http://www.gov.bw/en/Ministries--Authorities/Ministries/Ministry-of-Land-and-Housing-MLH/;BW;;;;;
Ministry of Minerals, Energy and Water Resources (MMEWR);;x;;;;;;;;;;;;;;;Botswana;x;;;;;;;;;;;Botswana;http://www.gov.bw/en/Ministries--Authorities/Ministries/Ministry-of-Minerals-Energy-and-Water-Resources-MMWER/;BW;;;;;
Ministry of Natural Resources (MINIRENA), The;;x;;;;;;;;;;;;x;;;Rwanda;x;;;;;;;;;;;Rwanda;http://www.minirena.gov.rw/index.php?id=551;RW;;;;;
Ministry of Pastoral Development and Environment;;x;;;;;;;;;;;;x;;;Somalia;x;;;;;;;;;;;Somalia;;SO;;;;;
Ministry of Water and Energy of Ethiopia, The;;x;;;;;;;;;;;;x;;;Ethiopia;x;;;;;;;;;;;Ethiopia;http://www.mowr.gov.et/;ET;;;;;
Ministry of Water and Environment;;x;;;;;;;;;;;;x;;;Uganda;x;;;;;;;;;;;Uganda;http://www.mwe.go.ug/;UG;;;;;
Ministry of Water and Irrigation;;x;;;;;;;;;;;;;;;Kenya;x;;;;;;;;;;;Kenya;http://www.water.go.ke/index.php;KE;;;;;
Ministry of Water and Irrigation;;x;;;;;;;;;;;;x;;;Tanzania;x;;;;;;;;;;;Tanzania;http://www.maji.go.tz/;TZ;;;;;
Ministry of Water Resources Development and Management;;x;;;;;;;;;;;;x;;;Zimbabwe;x;;;;;;;;;;;Zimbabwe;http://www.water.gov.zw/;ZW;;;;;
Moringa leaf forum ;x;;;;;;;x;;x;;;;x;x;;;x;x;;;;x;x;;;;;;http://www.miracletrees.org/;;;;;;
MULTIPLE INDUSTRIES LTD;;;;;;x;;;;;;;;x;;;Kampala, Uganda;;;;;;;;;;;;;http://www.multipleindustries.com/;UG;;;;;
MUS group;x;;;;;;;x;;;;x;;x;x;;;;;;;;;;;;;x;;http://www.musgroup.net/;;;;;;
Mwanza Urban Water and Sewerage Authority (MWAUWASA);;x;;;;;;;;;;;;x;;;Tanzania;x;;;;;;;;;;;Tanzania;http://www.mwauwasa.or.tz/;TZ;;;;;
Natural Environment Research Council - UK (NERC);x;;;;;;;x;;;;;x;x;;;UK;;;x;;;;;;;;;;http://www.nerc.ac.uk/index.asp;GB;;;;;
National Directorate of Water, Ministry of Public Works and Housing (MOPH) -  National Directorate of Water (DNA);;x;;;;;;;;;;;;x;;;Mozambique;x;;;;;;;;;;;Mozambique;http://www.amcow-online.org/index.php?option=com_content&view=article&id=227&Itemid=57&lang=en;MZ;;;;;
National Sanitation Foundation (NSF);x;;;;;;;x;;x;;;;x;;;US;;;;;x;;;;;;;US;http://www.nsf.org/;US;;;;;
National Water and Sewerage Corporation (NWSC);;x;;;;;;;;;;;;x;;;Uganda;x;;;;;;;;;;;Uganda;http://www.nwsc.co.ug/;UG;;;;;
National Water Supply and Sanitation Council (NWASCO), The;;x;;;;;;;;;;;;x;;;Zambia;x;;;;;;;;;;;Zambia;http://www.nwasco.org.zm/index.php;ZM;;;;;
Netherlands Water Partnership;x;;;;;;;;;;;x;;x;;;Netherlands;;;x;;;;;;;;;;http://www.nwp.nl/;NL;;;;;
Netwas International;x;;;;;;;x;;x;;;;x;;;;x;;;;;;;;;;;Kenya;http://www.netwas.org/#;;;;;;
New Partnership for Africa's Development (NEPAD);x;;;;;;;x;;;;x;;x;x;;south Africa;x;;;;;;;;;;;;http://www.nepad.org/;ZA;;;;;
NGO Forum for Urban Water & Sanitation;x;;;;;;;;;;;x;x;x;;;Nepal;;;;;;;;;;;x;;http://www.ngoforum.net/index.php?option=com_frontpage&Itemid=1;NP;;;;;
Nile Basin Initiative (NBI);x;;;;;;;;;;;;;x;;;Uganda;x;;;;;;;;;;;Nile Basin countries: Burundi, Democratic Republic of Congo, Egypt, Ethiopia, Kenya, Rwanda, Sudan, Tanzania and Uganda. Eritrea as observer.;http://www.nilebasin.org/newsite/index.php?option=com_content&view=frontpage&Itemid=1&lang=en;UG;;;;;
Nova Institute;x;;;;;;;;;;;;;;;x;South Africa;x;;;;;;;;;;;;http://www.nova.org.za/index.php;ZA;;;;;
Oasis Aquatic Gardens;;;;;;x;;;;;;;;x;;;USA;;;;;;;;;;;;;http://www.oasisaquaticgardens-ky.net/index.html;US;;;;;
Pacific Institute;x;;;;;;;x;;;;;x;x;;;California;;;;;;;;;;;x;;http://www.iwsd.co.zw/;CA;;;;;
Palestine Agricultural Relief Committee (PARC);x;;;;;;;x;;x;;;;x;x;;Palestine;;;;x;;;;;;;;Palestine;http://www.pal-arc.org/;PS;;;;;
Pangani Basin Water Board (PBWB);;x;;;;;;;;;;;;x;;;Moshi, Tanzania;x;;;;;;;;;;;Tanzania;http://www.panganibasin.com/;TZ;;;;;
People for Rainwater;x;;;;;;;x;;;;x;;x;;;Japan;;;;;;;;;;x;;Japan;http://www.skywater.jp/profile2_e.html;JP;;;;;
Permanent Interstate Committee for Drought Control in the Sahel (CILSS), ;x;;;;;;;x;;x;;x;;x;x;;Burkino Faso;x;;;;;;;;;;;region of the Sahel;http://www.cilss.bf/;BF;;;;;
Potters for peace;x;;;;;;;;;x;;;;x;;;Arizona;;;;;;x;;;;;;Nicaragua;http://www.pottersforpeace.com/;US;;;;;
Practica foundation;x;;x;;;;;x;;;;;;x;;;Netherlands;;;;;;;;;;;x;Madagascar, Ethiopia;http://www.practica.org/;NL;;;;;
Practical Action;x;;;;;;;;;;;;;x;x;;UK;x;x;;;;;x;;;;x;more than 40 developing countries;http://practicalaction.org/;GB;;;;;
Programme Solidarité Eau (pS-Eau);x;;;;;;;;;x;;;;x;;;Paris;x;x;;x;;;;;x;;;Benin, Burkina Faso, Haiti, Madagascar, Mali, Morocco, Niger, Senegal;http://www.pseau.org/fr/;FR;;;;;
Pure Water for the World;x;;;;;;;x;;x;;;;x;;;US;;;;;;;x;;;;;;http://purewaterfortheworld.org/;US;;;;;
RainSafe;;;;;;x;;;;;;;;x;;;Ireland;;;;;;;;;;;;global distribution;http://www.rainsafewater.com/;IE;;;;;
RainWater Cambodia;x;;;;;;;x;;x;;;;x;;;Cambodia;;x;;;;;;;;;;Cambodia;http://www.rainwatercambodia.org/;KH;;;;;
Raincatcher Imperial;;;;;;;x;;;;;;;x;;;UK;x;;;;;;;;;;;Tabora, Tanzania;https://www.union.ic.ac.uk/cag/raincatcher/?p=home.html;GB;;;;;
Rainwater Harvesting Implementation Network (RAIN);x;;;;;;;;;;;;;x;;;The Netherlands;x;x;;;;;;;;;;Nepal, Burkina Faso, Mali, Senegal, and Ethiopia;http://www.rainfoundation.org/?L=0;NL;;;;;
Rainwater HOG;;;;;;x;;;;;;;;x;;;US & Australia;;x;x;;x;x;x;x;;;;;;US;;;;;
Ramsar Convention on Wetlands;;x;;;;;;;;;;;;x;;;Switzerland;;;;;;;;;;;x;18 countries;http://www.ramsar.org/cda/en/ramsar-european-rs-homeindex/main/ramsar/1%5E26097_4000_0__;CH;;;;;
Repura;;;;;;x;;;;;;;;x;;;Portugal;;;;;;;;;;;;Africa, Europe, Middle East;http://www.repura.com/en/rainwater.html;PT;;;;;
Research-inspired Policy and Practice Learning in Ethiopia and the Nile region (RiPPLE);x;;;;;;;x;;;;;x;x;;;Ethiopia;x;;;;;;;;;;;;http://www.rippleethiopia.org/;ET;;;;;
Rural Africa Water Development Project ;x;;;;;;;x;;x;;;;x;x;;Nigeria;x;;;;;;;;;;;Nigeria, Benin, Burkina Faso, Gambia, Cameroon;http://www.susana.org/partners?selectbyname=R&selectbyregion=6&p_id=92;NG;;;;;
Rural Industries Innovation Centre (RIIC) ;x;;;;;;;;;;;;;x;x;;Kanye, Botswana;x;;;;;;;;;;;African ;http://www.mbendi.com/orgs/cbkf.htm;BW;;;;;
Rural water supply network (RWSN);x;;;;;;;x;;;;x;;x;;;;x;;;;;;;;;;;;http://www.rural-water-supply.net/en/;;;;;;
"Rwanda Agriculture Board (RAB) - Directorate of Infrastructure andMechanization";;x;;;;;;;;;;;;x;x;;Rwanda;x;;;;;;;;;;;Rwanda;http://www.rab.gov.rw/spip.php?article10;RW;;;;;
Rwanda environmental conservation organization;x;;;;;;;x;;x;;;;x;x;;Rwanda;x;;;;;;;;;;;Rwanda;http://www.rwandaenvironment.org/;RW;;;;;
RWANDA WORKS (RW);;x;;;;;;;;;;;;x;;;Rwanda;x;;;;;;;;;;;Rwanda;http://www.rwandaworks.com/;RW;;;;;
Rwandans4Water;x;;;;;;;;;;;;;x;;;USA;x;;;;;;;;;;;Rwanda;http://www.rwandans4water.org/;US;;;;;
Ryan's Well Foundation;x;;;;;;;;;x;;;;x;;;Ontiao Canada;x;x;;x;;x;x;;x;;;developing countries ;http://www.ryanswell.ca/;CA;;;;;
Sahelian Solutions (SASOL);x;;;;;;;;;;;;;x;x;x;Kenya;x;;;;;;;;;;;;http://www.sasolfoundation.co.ke/;KE;;;;;
Society for Community Organisation and People's Education (SCOPE);x;;;;;;;;;;;;x;x;x;;India;;;;;;;;;;;x;;http://www.scopetrichy.com/;IN;;;;;
Southern and Eastern Africa Rainwater Network (SEARNET);x;;;;;;;x;;;;x;;x;;;Kenya;x;;;;;;;;;;;"Botswana, Ethiopia, Kenya, Malawi, Rwanda, Somalia, Tanzania, Uganda, Zambia, Zimbabwe";http://worldagroforestry.org/projects/searnet/;KE;;;;;
Solar Water Disinfection (SODIS);x;;;;;;;;;x;;;;x;;;Switzerland ;x;x;;;;;x;;x;x;;;http://www.sodis.ch/index_EN;CH;;;;;
SKG Sangha;x;;;;;;;;;x;;;;x;x;;India;x;x;x;;;x;x;;;;;35 countries;http://skgsangha.org/Rainwater.php;IN;;;;;
SNV ;x;;;;;;;;;;;;;;;;The Netherlands;x;x;;;;x;x;;;;;36 countries, and in Uganda;http://www.snvworld.org/en;NL;;;;;
Somalia Water and Land Information Management (SWALIM);x;;;;;;;;;;;;;x;x;;Kenya;x;;;;;;;;;;;Somalia;http://www.faoswalim.org/;KE;;;;;
South African Water Research Commission;;x;;;;;x;x;x;;;;x;x;x;;South Africa;x;;;;;;;;;;;;http://www.wrc.org.za/Pages/default.aspx;ZA;;;;;
Southern Africa Development Community;;x;;;;;;x;;;;x;;x;x;;Gaborone, Botswana;x;;;;;;;;;;;Madagascar, Soweto, SA, Botswana …;http://www.sadc.int/english/;BW;;;;;
Spate Irrigation Network;x;;;;;;;x;;;;x;;x;x;;Netherlands;;;;;;;;;;;x;Yemen, Pakistan Ethiopia Sudan;http://www.spate-irrigation.org/spate-irrigation-network;NL;;;;;
Stockholm International Water Institute ;;;;;;;x;x;;;;;x;x;;;Sweden;;;;;;;;;;;x;;http://www.siwi.org/;SE;;;;;
Stopcocks Women Plumbers;;;;x;;;x;;;x;;;;x;;;UK;x;;x;;;;;;;;;UK and Kenya;http://www.stopcocks.co.uk/;GB;;;;;
Sustainable Sanitation Alliance ;x;;;;;;;x;;;;x;;x;;;Germany;;;;;;;;;;;x;;http://www.susana.org/;DE;;;;;
Tata Ma Tarps and Linings;;;;;;x;;;;;;;;x;;;South Africa;x;;;;;;;;;;;South Africa;http://www.tatamatarps.co.za/;ZA;;;;;
Top Tank;;;;;;x;;;;;;;;x;;;Kenya;x;;;;;;;;;;;;http://www.toptank.com/;KE;;;;;
Towards Sustainable Water Resources Management in Central Asia (SWAN);x;;;;;;x;x;;;;;;x;;;España;;x;x;x;;;;;;;;Central Asia;http://www.swan-water.eu/;ES;;;;;
Uganda Rainwater Association (URWA);x;;;;;;;;;;;;;x;;;Uganda;x;;;;;;;;;;;;http://www.ugandarainwater.org/;UG;;;;;
Ugandan Water Project, The;x;;;;;;;;;x;;;;x;;;US;x;;;;;;;;;;;Uganda;http://ugandanwaterproject.com/;US;;;;;
UK Rain Water Harvesting Association;x;;;;;;;;;;;x;;x;;;UK;;;x;;;;;;;;;;http://www.ukrha.org/;GB;;;;;
United Nations Children's Fund (UNICEF);;x;;;;;;x;;;;;;;;;New York, USA;;;;;;;;;;;x;190 countries;http://www.unicef.org/;US;;;;;
UNICEF Somalia;;x;;;;;;;;;;;;x;;;Kenya;x;;;;;;;;;;;Somalia;http://www.unicef.org/somalia/index.html;KE;;;;;
United Nations Environmental Programme (UNEP);;x;;;;;;x;;;;;x;;;;Nairobi, Kenya;;;;;;;;;;;x;;http://www.unep.org/;KE;;;;;
United Nations Human Settlements Programme (UN-Habitat);;x;;;;;;;;;;;;x;;;Nairobi, Kenya;x;;;;;;;;;;x;;http://www.unhabitat.org/categories.asp?catid=270;KE;;;;;
United Nations Organization for Education, Science and Culture (UNESCO) International Hydrological Programme (IHP);;x;;;;;;x;;;;;x;x;;;Netherlands,UK, Poland, Egypt;;;;;;;;;;;x;;http://www.unesco.org/new/en/natural-sciences/environment/water/ihp/;NL;;;;;
USAID;;x;;;;;;;x;;;;;;;;US;x;x;x;x;x;x;x;;;;;11,000 project locations globally;http://www.usaid.gov/;US;;;;;
WASH Advocates ;x;;;;;;;;;;;x;;x;;;Washington;x;x;;;;x;x;;x;;;;http://www.washadvocates.org;US;;;;;
WASH United;x;;;;;;;;;;;x;;x;;;Germany;x;x;;;;;;;;;;India, Africa;http://www.wash-united.org/;DE;;;;;
WASTE;x;;;;;;;;;;;x;;;;;Netherlands;x;x;x;;;x;x;;;;;;http://www.waste.nl/;NL;;;;;
Water 1st International;x;;;;;;;x;;;;x;;x;;;US;x;x;;;;;;;x;;;Honduras, Bangladesh, Ethiopia, India;http://water1st.org/;US;;;;;
Water Aid;x;;;;;;;;;;;;;x;;;UK;x;x;x;;x;x;;x;;;x;27 countries;http://www.wateraid.org/uk;GB;;;;;
Water and Climate Coalition;x;;;;;;;x;;;;x;;x;;;UK or Sweden;;;;;;;;;;;x;;http://www.waterclimatecoalition.org;GB;;;;;
Water and Nature Initiative (WANI);x;;;;;;;x;;;;x;;x;;;Switzerland;;;;;;;;;;;x;;http://www.waterandnature.org/;CH;;;;;
Water and Sanitation for Africa (WSA);x;;;;;;;x;;;;x;;x;;;Burkina Faso;x;;;;;;;;;;;West, central and northern Africa;http://www.wsafrica.org/en;BF;;;;;
Water and Sanitation Program ;x;;;;;;;x;;;;x;;x;;;;;;;;;;;;;;x;;http://www.wsp.org/wsp/regions/africa;;;;;;
Water and Sanitation Services South Africa (Pty) Ltd (WSSA);;;;x;;;;;;x;;;;x;;;South Africa;x;;;;;;;;;;;South Africa;http://www.wssa.co.za/index.php?option=com_content&view=article&id=61&Itemid=72;ZA;;;;;
Water Channel, The;x;;;;;;;;;;;x;;x;;;Netherlands;;;;;;;;;;;x;;http://www.thewaterchannel.tv/;NL;;;;;
Water for All International;x;;;;;;;;;;;x;;x;;;US;;;;;;;;;;;x;Bolivia, Ethiopia and Uganda;http://www.waterforallinternational.org/Pages/default.aspx;US;;;;;
Water for People;x;;;;;;;;;;;x;;x;;;US;;;;;;;;;;;x;;http://www.waterforpeople.org/about/;US;;;;;
Water Harvesters;;;;;;x;;;;;;;;x;;;India;;;;;;;;;;;;;http://www.waterharvesters.com/;IN;;;;;
Water Integrity Network;x;;;;;;;x;;;;x;;x;;;Berlin, Germany;x;x;;;;x;;;;;;;http://www.waterintegritynetwork.net/;DE;;;;;
Water Net;x;;;;;;x;x;;;;x;x;x;;;South Africa;x;;;;;;;;;;;South and East Africa;http://hikm.ihe.nl/waternet;ZA;;;;;
WATER PROJECT, THE;x;;;;;;;x;;x;;;;x;;;Concord;x;;;;;;;;;;;Kenya, Ruanda, Sera lion, Sudan, Uganda;http://thewaterproject.org/;;;;;;
Water Quality Association;x;;;;;;;x;;;;x;;x;;;US;;;;;x;;;;;;;;http://www.wqa.org/;US;;;;;
Water Resource Management Authority (WRMA);;x;;;;;;;;;;;;x;;;Kenya;x;;;;;;;;;;;Kenya;http://www.wrma.or.ke/index.php?option=com_frontpage&Itemid=19;KE;;;;;
Water Rhapsody;;;;x;;;;;;;;;;x;;;South Africa;x;;;;;;;;;;;;http://www.watersolutions.co.za/rainwater-harvesting/;ZA;;;;;
Water Service Boards (WSB);;x;;;;;;;;;;;;x;;;Kenya;x;;;;;;;;;;;Kenya;http://www.water.go.ke/index.php?option=com_content&view=article&id=116&Itemid=11;KE;;;;;
Water Services Regulatory Board (WASREB);;x;;;;;;;;;;;;x;;;Kenya;x;;;;;;;;;;;Kenya;http://www.wasreb.go.ke/index.php?option=com_frontpage&Itemid=1;KE;;;;;
Water Services Trust Fund;;x;;;;;;;;;;;;x;;;Kenya;x;;;;;;;;;;;Kenya;http://www.wstfkenya.org/;KE;;;;;
Water Supply and Sanitation Collaborative Council;x;;;;;;;;;;;x;;x;;;Switzerland;x;x;;;x;x;x;;;x;x;;http://www.wsscc.org/;CH;;;;;
Water Utilities Corporation (WUC);;x;;;;;;;;;;;;x;;;Botswana;x;;;;;;;;;;;Botswana;http://www.wuc.bw/;BW;;;;;
WaterCredit;x;;;;;;;;;;;;;x;;x;USA;;;;;;;;;;;;India, Bangladesh, Kenya and Uganda;http://watercredit.org/;US;;;;;
Watershed Management Group;;;x;;;;;;;;;;;x;;;US;;;;;;;;;;;x;;http://watershedmg.org/;US;;;;;
West and Central African Council for Agricultural Research and Development (CORAF/WECARD);x;;;;;;;x;;;;x;;;;;;x;;;;;;;;;;;;http://coraf.infosysplus.org/;;;;;;
Wetlands International;x;;;;;;;x;;x;;;;x;;;Netherlands;;;;;;;;;;;x;;http://www.wetlands.org/;NL;;;;;
World Overview of Conservation Approaches and Technologies (WOCAT);x;;;;;;;x;;;;x;;x;x;;Switzerland;;;;;;;;;;;x;;https://www.wocat.net/;CH;;;;;
Woman for Water Partnership ;x;;;;;;;;;;;x;;x;;;Netherlands;;;;;;;;;;;x;;http://www.womenforwater.org/openbaar/index.php;NL;;;;;
World Agro Forestry Centre;x;;;;;;;;;;;x;;x;x;;Kenya;x;x;;;;;x;;;;;Cameroon, India, Indonesia, Kenya and Peru;http://www.worldagroforestrycentre.org;KE;;;;;
World Business Council for Sustainable Development (WBCSD);x;;;;;;;;;;;x;;x;x;;Geneva;;;;;;;;;;;x;;http://www.wbcsd.org/home.aspx;CH;;;;;
World Meteorological Organization (WMO);;x;;;;;;;;;;;;x;;;Switzerland ;;;;;;;;;;;x;191 Member States and Territories;https://www.wmo.int/pages/index_en.html;CH;;;;;
World Vision ;x;;;;;;;x;;x;;;;x;x;;Washington, US;x;x;;;;x;x;;x;;;;http://www.worldvision.org/;US;;;;;
World Water Centre, The ;x;;;;;;x;;;;;x;x;x;;;US;;;;;;;;;;;;;http://www.worldwatercenter.org/index.html;US;;;;;
Zimbabwe Council of Churches;x;;;;;;;;;;;;;x;;;Zimbabwe;x;;;;;;;;;;;Zimbabwe;http://www.zcc.co.zw/departments/38-general-secretariat/57-rainwater-harvesting.html;ZW;;;;;
Zimbabwe National Water Authority (ZINWA), The;;x;;;;;;;;;;;;x;;;Zimbabwe;x;;;;;;;;;;;Zimbabwe;http://www.zinwa.co.zw/new/;ZW;;;;;
Centro Bartolomé de las Casas ;x;;;;;;;x;;;;;;x;;;Peru;;;;;;;x;;;;;Peru;www.cbc.org.pe/;PE;;;;;
Centro de Capacitación Jesus Obrero CCAIJO ;x;;;;;;;;;x;;;;x;x;;Peru;;;;;;;x;;;;;Peru;http://www.andahuaylillas.com/es/index.php?option=com_content&view=article&id=42&Itemid=64;PE;;;;;
Arariwa;x;;;;;;;x;;x;;;;x;x;;Peru;;;;;;;x;;;;;Peru;http://www.arariwa.org.pe/APwebsite.html;PE;;;;;
PACC Peru ;x;;;;;;;;;;;;;;;;;;;;;;;;;;;;;;;;;;;
AQUACO Water reclying;x;;;;;;;x;;;;;;;;;United Kingdom;;;x;;;;;;;;;England ;http://www.aquaco.co.uk/Rainwater/Rainwater-Harvesting-Institutions;GB;;;;;
Fondo Italo Peruano;;x;;;;;;;x;;;;;x;;;Lima;;;;;;;x;;;;;Peru;http://www.fondoitaloperuano.org/cooperacion-internacional/impulsan-la-%E2%80%9Csiembra-y-cosecha%E2%80%9D-de-agua-para-garantizar-la-seguridad-alimentaria-en-peru;PE;;;;;
Gobierno Regional del Cusco;;x;;;;;;;;x;;;;x;;;Cusco;;;;;;;x;;;;;Peru;http://www.transparencia.regioncusco.gob.pe/index.php?mn=X&ed_buscador=cosecha+de+agua+&btn_buscador=Buscar;PE;;;;;
Proyecto Especial IMA;;x;;;;;;;;x;;;;x;;;Cusco;;;;;;;x;;;;;Peru;http://www.ima.org.pe;PE;;;;;
Proyecto Espcial Plan Meriss;;x;;;;;;;;x;;;;x;;;Cusco;;;;;;;x;;;;;Peru;http://www.meriss.gob.pe/;PE;;;;;
DESCO;x;;;;;;;;;x;;;;x;;;Lima ;;;;;;;x;;;;;Peru;http://www.desco.org.pe/sites/default/files/publicaciones/files/agua.pdf;PE;;;;;
Instituto para una Alternativa Agraria IIA;x;;;;;;;;;x;;;;x;;;;;;;;;;;;;;;;;;;;;;
Gobierno Regional de Ayacucho;;x;;;;;;;;x;;;;x;;;Ayacucho;;;;;;;x;;;;;Peru;;PE;;;;;
Instituto Nacional de Investigación Agraria;x;;;;;;;;;x;;;;;x;;;;;;;;;;;;;;;;;;;;;
Junta de vecionos de agua Chile;x;;;;;;;;;x;;;;x;;;DEL LIBERTADOR GRAL. BERNARDO O´HIGGINS;;;;;;;x;;;;;Chile;http://www.territoriochile.cl/1516/article-84527.html;CL;;;;;
Acción por la Tierra Chile;x;;;;;;;;;x;;;;x;;;Santigo de Chile;;;;;;;x;;;;;Chile ;http://www.accionporlatierra.cl/;CL;;;;;
Gobierno Regional de Huancavelica;;x;;;;;;;;x;;;;;;;Huancavelica ;;;;;;;x;;;;;Peru;http://www.regionhuancavelica.gob.pe/region/;PE;;;;;
Ministerio del Medio Ambiente;;x;;;;;;;;x;;;;x;;;Lima ;;;;;;;x;;;;;Peru;http://www.minam.gob.pe/notas-de-prensa/el-yachachiq-del-agua/;PE;;;;;
Gobierno Regional de Apurimac ;;x;;;;;;;;x;;;;x;;;Apurimac;;;;;;;x;;;;;Peru;http://www.regionapurimac.gob.pe/inicio/;PE;;;;;
Ayuda en Acción ;x;;;;;;;;;x;;;;x;;;Cajamarca;;;;;;;x;;;;;Peru;http://www.ayudaenaccion.org/blog/decimos/noticias/2014/06/17/mas-agua-mas-cosecha-en-chalapampa/;PE;;;;;
Gobierno Regional de Ayacucho;;x;;;;;;;;x;;;;x;;;Ayacucho;;;;;;;x;;;;;Peru;www.regionayacucho.gob.pe/;PE;;;;;
Gobierno Regional de Puno ;;x;;;;;;;;x;;;;x;;;Puno ;;;;;;;x;;;;;Peru;http://www.regionpuno.gob.pe/web/;PE;;;;;
Gobierno Regional de Tacna;;x;;;;;;;;x;;;;x;;;Tacna ;;;;;;;x;;;;;Peru;www.regiontacna.gob.pe/;PE;;;;;
Gobierno Regional de La Libertad ;;x;;;;;;;;x;;;;x;;;La libertad;;;;;;;x;;;;;Peru;www.regionlalibertad.gob.pe/;PE;;;;;
GIZ - Bolivia;;x;;;;;;;x;;;;;x;;;La Paz;;;;;;;x;;;;;Bolivia;http://www.giz.de/en/worldwide/389.html;BO;;;;;
PROAGRO;x;;;;;;;;;x;;;;;x;;Calacoto;;;;;;;x;;;;;Bolivia;http://www.proagro-bolivia.org/;BO;;;;;
Comunidad Andina ;;x;;;;;;;;;;x;;x;;;Lima;;;;;;;x;;;;;Bolivia, Peru, Ecuador y Colombia;http://www.cambioclimaticoandes.info/index.htm;PE;;;;;
Ministerio de Desarrollo Rural y Tierras;;x;;;;;;;;x;;;;;x;;La Paz;;;;;;;x;;;;;Bolivia;http://www.agrobolivia.gob.bo/;BO;;;;;
Instituto Nacional de Innovación Agraria y Forestal;;x;;;;;;x;;;;;;;x;;La Paz;;;;;;;x;;;;;Bolivia;http://www.iniaf.gob.bo/index.php/es/2012-09-17-22-45-34/2012-10-17-21-32-27/2012-11-23-15-54-24;BO;;;;;
Grupo de Trabajo Cambio Climático y Justicia;;;;;;;x;;;;;x;;x;;;La Paz;;;;;;;x;;;;;Bolivia;http://web.ccjusticiabolivia.org;BO;;;;;
Gobierno Autónomo de Tarija;;x;;;;;;;;x;;;;x;;;Tarija ;;;;;;;x;;;;;Bolivia;http://www.tarija.bo/descargas/subalcaldia/cosechas_de_aguas.pdf;BO;;;;;
Ayni Asociación Civil;x;;;;;;;;;x;;;;;;;La Paz;;;;;;;x;;;;;Bolivia;http://www.ayni.org.bo/noticia/sistema-de-cosecha-de-agua-lluvias-en-nunumayani;BO;;;;;
Secretaria del Agua Ecuador;;x;;;;;;;;;;x;;x;;;Quito;;;;;;;x;;;;;Ecuador;http://www.agua.gob.ec/manabi-fiesta-de-la-cosecha-el-agua-y-la-semilla-atrajo-a-cientos-de-habitantes/;EC;;;;;
Condesan;x;;;;;;;;;;;x;;x;;;Lima;;;;;;;x;;;;;Peru ;http://www.condesan.org;PE;;;;;
Gobierno Autónomo de Chimborazo;;x;;;;;;;;x;;;;x;;;Chimborazo;;;;;;;x;;;;;Ecuador;http://www.chimborazo.gob.ec/chimborazo/index.php;EC;;;;;
Instituto de Desarrollo y Medio Ambiente;x;;;;;;;;;x;;;;x;;;Abancay;;;;;;;x;;;;;Peru;http://idmaperu.org/idma/portfolio/reportaje-de-entrega-de-certificados-del-sgp-apurimac-2013/;PE;;;;;
Unión Inter- América para la Conservación de la Naturaleza ;x;;;;;;;;;x;;x;;x;;;Switzerland;;;;;;;;;;;x;Ecuador, Panama, Guatemala;http://www.iucn.org/es/sobre/union/secretaria/oficinas/sudamerica/sur_trabajo/sur_agua/;CH;;;;;
Fondo Latino Americano para Arroz de Riego;;;;;;;x;;;;;x;;;x;;;;;;;;;x;;x;;;Latino América;http://www.flar.org/;;;;;;
Pacto Global Colombia;;;;;;;x;;;;;x;;x;;;Bogota;;;;;;;x;;;;;Colombia;http://www.pactoglobal-colombia.org/;CO;;;;;